run	overall_f1	cross_lingual_f1	zero_f1
1	0.8020176256921612	0.7563293854672752	1
2	0.8020176256921612	0.7563293854672752	1
3	0.8020176256921612	0.7563293854672752	1
