run	overall_f1	cross_lingual_f1	zero_f1
1	0.7645176256921613	0.7563293854672752	2
2	0.7645176256921613	0.7563293854672752	2
3	0.7645176256921613	0.7563293854672752	2
