run	overall_f1	cross_lingual_f1	zero_f1
1	0.6379491818343032	0.6694022143651159	18
2	0.6379491818343032	0.6694022143651159	18
3	0.6379491818343032	0.6694022143651159	18
