run	overall_f1	cross_lingual_f1	zero_f1
1	0.657996015708864	0.6850120003242666	16
2	0.657996015708864	0.6850120003242666	16
3	0.657996015708864	0.6850120003242666	16
