{
  "schema_version": "japanese-release-report-v1",
  "generated_at": "2026-03-12T16:15:14.916Z",
  "dataset_path": "/Users/tachibanashuuta/Desktop/Code/CC-harness/harness-mem/tests/benchmarks/fixtures/japanese-release-pack-96.json",
  "result_path": "/Users/tachibanashuuta/Desktop/Code/CC-harness/harness-mem/docs/benchmarks/artifacts/s43-ja-release-v2-latest/run3/result.json",
  "summary": {
    "overall": {
      "count": 96,
      "em_avg": 0.5104166666666666,
      "f1_avg": 0.657996015708864,
      "zero_f1_count": 16
    },
    "by_slice": {
      "current": {
        "count": 12,
        "em_avg": 0.6666666666666666,
        "f1_avg": 0.8170634920634922,
        "zero_f1_count": 0
      },
      "current_vs_previous": {
        "count": 12,
        "em_avg": 0.4166666666666667,
        "f1_avg": 0.5405982905982906,
        "zero_f1_count": 4
      },
      "entity": {
        "count": 1,
        "em_avg": 0,
        "f1_avg": 0.33333333333333337,
        "zero_f1_count": 0
      },
      "exact": {
        "count": 8,
        "em_avg": 0.375,
        "f1_avg": 0.5627834068236545,
        "zero_f1_count": 1
      },
      "list": {
        "count": 3,
        "em_avg": 0.3333333333333333,
        "f1_avg": 0.7564102564102564,
        "zero_f1_count": 0
      },
      "location": {
        "count": 1,
        "em_avg": 0,
        "f1_avg": 0.5,
        "zero_f1_count": 0
      },
      "long_turn": {
        "count": 12,
        "em_avg": 0.5,
        "f1_avg": 0.705952380952381,
        "zero_f1_count": 1
      },
      "noisy": {
        "count": 13,
        "em_avg": 0.6923076923076923,
        "f1_avg": 0.8293811451706189,
        "zero_f1_count": 0
      },
      "relative_temporal": {
        "count": 3,
        "em_avg": 0,
        "f1_avg": 0.09684210526315788,
        "zero_f1_count": 1
      },
      "temporal": {
        "count": 8,
        "em_avg": 0.625,
        "f1_avg": 0.6776315789473684,
        "zero_f1_count": 1
      },
      "why": {
        "count": 7,
        "em_avg": 0.5714285714285714,
        "f1_avg": 0.9008403361344538,
        "zero_f1_count": 0
      },
      "yes_no": {
        "count": 16,
        "em_avg": 0.5,
        "f1_avg": 0.5,
        "zero_f1_count": 8
      }
    },
    "cross_lingual": {
      "count": 58,
      "em_avg": 0.5344827586206896,
      "f1_avg": 0.6850120003242666,
      "zero_f1_count": 7
    },
    "non_cross_lingual": {
      "count": 38,
      "em_avg": 0.47368421052631576,
      "f1_avg": 0.6167610918221966,
      "zero_f1_count": 9
    },
    "missing_metadata": []
  }
}
